-- VEH_LOOKUP_DATA
INSERT INTO VEH_DATA VALUES ('WDD2906611A004817', 'Bob', PARSEDATETIME('2021-15-12','yyyy-MM-dd'),PARSEDATETIME('2021-15-12','yyyy-MM-dd'), 'GLA', 'White','Y','DMURUGE',PARSEDATETIME('2021-16-12','yyyy-MM-dd'),'DMURUGE',PARSEDATETIME('2021-16-12','yyyy-MM-dd'));
INSERT INTO VEH_DATA VALUES ('WDD2906611A004818', 'Peter', PARSEDATETIME('2021-01-20','yyyy-MM-dd'),PARSEDATETIME('2021-15-12','yyyy-MM-dd'), 'GLA', 'White','Y','DMURUGE',PARSEDATETIME('2021-16-12','yyyy-MM-dd'),'DMURUGE',PARSEDATETIME('2021-16-12','yyyy-MM-dd'));
INSERT INTO VEH_DATA VALUES ('WDD2906611A004819', 'Mike', PARSEDATETIME('2021-01-20','yyyy-MM-dd'),PARSEDATETIME('2021-15-12','yyyy-MM-dd'), 'GLC', 'White','Y','DMURUGE',PARSEDATETIME('2021-16-12','yyyy-MM-dd'),'DMURUGE',PARSEDATETIME('2021-16-12','yyyy-MM-dd'));
INSERT INTO VEH_DATA VALUES ('WDD2906611A004820', 'Rose', PARSEDATETIME('2021-01-20','yyyy-MM-dd'),PARSEDATETIME('2021-15-12','yyyy-MM-dd'), 'GLE', 'White','Y','DMURUGE',PARSEDATETIME('2021-16-12','yyyy-MM-dd'),'DMURUGE',PARSEDATETIME('2021-16-12','yyyy-MM-dd'));
INSERT INTO VEH_DATA VALUES ('WDD2906611A004821', 'Alice', PARSEDATETIME('2021-01-20','yyyy-MM-dd'),PARSEDATETIME('2021-15-12','yyyy-MM-dd'), 'EqC', 'White','Y','DMURUGE',PARSEDATETIME('2021-16-12','yyyy-MM-dd'),'DMURUGE',PARSEDATETIME('2021-16-12','yyyy-MM-dd'));

--FTR_LOOKUP_DATA
INSERT INTO FTR_DATA VALUES ('RLUL', 'Remote Lock/Unlock', 'DMURUGE',PARSEDATETIME('2021-16-12','yyyy-MM-dd'),'DMURUGE',PARSEDATETIME('2021-16-12','yyyy-MM-dd'));
INSERT INTO FTR_DATA VALUES ('RSS', 'Remote Start/Stop', 'DMURUGE',PARSEDATETIME('2021-16-12','yyyy-MM-dd'),'DMURUGE',PARSEDATETIME('2021-16-12','yyyy-MM-dd'));
INSERT INTO FTR_DATA VALUES ('LT', 'Live Traffic','DMURUGE',PARSEDATETIME('2021-16-12','yyyy-MM-dd'),'DMURUGE',PARSEDATETIME('2021-16-12','yyyy-MM-dd'));
INSERT INTO FTR_DATA VALUES ('WIFI', 'Wifi Hotspot', 'DMURUGE',PARSEDATETIME('2021-16-12','yyyy-MM-dd'),'DMURUGE',PARSEDATETIME('2021-16-12','yyyy-MM-dd'));
INSERT INTO FTR_DATA VALUES ('PA', 'Parking assistance', 'DMURUGE',PARSEDATETIME('2021-16-12','yyyy-MM-dd'),'DMURUGE',PARSEDATETIME('2021-16-12','yyyy-MM-dd'));
INSERT INTO FTR_DATA VALUES ('FSA', 'Fuel Station assistance','DMURUGE',PARSEDATETIME('2021-16-12','yyyy-MM-dd'),'DMURUGE',PARSEDATETIME('2021-16-12','yyyy-MM-dd'));
INSERT INTO FTR_DATA VALUES ('VA', 'Voice assistance', 'DMURUGE',PARSEDATETIME('2021-16-12','yyyy-MM-dd'),'DMURUGE',PARSEDATETIME('2021-16-12','yyyy-MM-dd'));

--VEH_FTR_DATA
INSERT INTO VEH_FTR_DATA (VIN,FTR_CODE,CREATE_USER,CREATE_S,LAST_UPDT_USER,LAST_UPDT_S) VALUES ('WDD2906611A004817','RLUL', 'DMURUGE',PARSEDATETIME('2021-16-12','yyyy-MM-dd'),'DMURUGE',PARSEDATETIME('2021-16-12','yyyy-MM-dd'));
INSERT INTO VEH_FTR_DATA (VIN,FTR_CODE,CREATE_USER,CREATE_S,LAST_UPDT_USER,LAST_UPDT_S) VALUES ('WDD2906611A004817','RSS', 'DMURUGE',PARSEDATETIME('2021-16-12','yyyy-MM-dd'),'DMURUGE',PARSEDATETIME('2021-16-12','yyyy-MM-dd'));
INSERT INTO VEH_FTR_DATA (VIN,FTR_CODE,CREATE_USER,CREATE_S,LAST_UPDT_USER,LAST_UPDT_S) VALUES ('WDD2906611A004817','LT', 'DMURUGE',PARSEDATETIME('2021-16-12','yyyy-MM-dd'),'DMURUGE',PARSEDATETIME('2021-16-12','yyyy-MM-dd'));
INSERT INTO VEH_FTR_DATA (VIN,FTR_CODE,CREATE_USER,CREATE_S,LAST_UPDT_USER,LAST_UPDT_S) VALUES ('WDD2906611A004818','WIFI', 'DMURUGE',PARSEDATETIME('2021-16-12','yyyy-MM-dd'),'DMURUGE',PARSEDATETIME('2021-16-12','yyyy-MM-dd'));
INSERT INTO VEH_FTR_DATA (VIN,FTR_CODE,CREATE_USER,CREATE_S,LAST_UPDT_USER,LAST_UPDT_S) VALUES ('WDD2906611A004818','PA', 'DMURUGE',PARSEDATETIME('2021-16-12','yyyy-MM-dd'),'DMURUGE',PARSEDATETIME('2021-16-12','yyyy-MM-dd'));
INSERT INTO VEH_FTR_DATA (VIN,FTR_CODE,CREATE_USER,CREATE_S,LAST_UPDT_USER,LAST_UPDT_S) VALUES ('WDD2906611A004818','FSA', 'DMURUGE',PARSEDATETIME('2021-16-12','yyyy-MM-dd'),'DMURUGE',PARSEDATETIME('2021-16-12','yyyy-MM-dd'));
INSERT INTO VEH_FTR_DATA (VIN,FTR_CODE,CREATE_USER,CREATE_S,LAST_UPDT_USER,LAST_UPDT_S) VALUES ('WDD2906611A004819','WIFI', 'DMURUGE',PARSEDATETIME('2021-16-12','yyyy-MM-dd'),'DMURUGE',PARSEDATETIME('2021-16-12','yyyy-MM-dd'));
INSERT INTO VEH_FTR_DATA (VIN,FTR_CODE,CREATE_USER,CREATE_S,LAST_UPDT_USER,LAST_UPDT_S) VALUES ('WDD2906611A004819','PA', 'DMURUGE',PARSEDATETIME('2021-16-12','yyyy-MM-dd'),'DMURUGE',PARSEDATETIME('2021-16-12','yyyy-MM-dd'));
INSERT INTO VEH_FTR_DATA (VIN,FTR_CODE,CREATE_USER,CREATE_S,LAST_UPDT_USER,LAST_UPDT_S) VALUES ('WDD2906611A004819','FSA', 'DMURUGE',PARSEDATETIME('2021-16-12','yyyy-MM-dd'),'DMURUGE',PARSEDATETIME('2021-16-12','yyyy-MM-dd'));
INSERT INTO VEH_FTR_DATA (VIN,FTR_CODE,CREATE_USER,CREATE_S,LAST_UPDT_USER,LAST_UPDT_S) VALUES ('WDD2906611A004820','RLUL', 'DMURUGE',PARSEDATETIME('2021-16-12','yyyy-MM-dd'),'DMURUGE',PARSEDATETIME('2021-16-12','yyyy-MM-dd'));
INSERT INTO VEH_FTR_DATA (VIN,FTR_CODE,CREATE_USER,CREATE_S,LAST_UPDT_USER,LAST_UPDT_S) VALUES ('WDD2906611A004820','PA', 'DMURUGE',PARSEDATETIME('2021-16-12','yyyy-MM-dd'),'DMURUGE',PARSEDATETIME('2021-16-12','yyyy-MM-dd'));
INSERT INTO VEH_FTR_DATA (VIN,FTR_CODE,CREATE_USER,CREATE_S,LAST_UPDT_USER,LAST_UPDT_S) VALUES ('WDD2906611A004820','RSS', 'DMURUGE',PARSEDATETIME('2021-16-12','yyyy-MM-dd'),'DMURUGE',PARSEDATETIME('2021-16-12','yyyy-MM-dd'));

--VEH_LOCK_STATUS
INSERT INTO VEH_LOCK_STATUS VALUES ('WDD2906611A004817', 'Y', 'DMURUGE',PARSEDATETIME('2021-16-12','yyyy-MM-dd'),'DMURUGE',PARSEDATETIME('2021-16-12','yyyy-MM-dd'));
INSERT INTO VEH_LOCK_STATUS VALUES ('WDD2906611A004818', 'N', 'DMURUGE',PARSEDATETIME('2021-16-12','yyyy-MM-dd'),'DMURUGE',PARSEDATETIME('2021-16-12','yyyy-MM-dd'));
